<?xml version="1.0" encoding="UTF-8"?><explain xmlns="http://www.postgresql.org/2009/explain">
  <Query>
    <Plan>
      <Node-Type>Nested Loop</Node-Type>
      <Parallel-Aware>false</Parallel-Aware>
      <Join-Type>Inner</Join-Type>
      <Startup-Cost>22055.37</Startup-Cost>
      <Total-Cost>179391.46</Total-Cost>
      <Plan-Rows>9651</Plan-Rows>
      <Plan-Width>23</Plan-Width>
      <Actual-Startup-Time>394.312</Actual-Startup-Time>
      <Actual-Total-Time>2190.463</Actual-Total-Time>
      <Actual-Rows>12</Actual-Rows>
      <Actual-Loops>1</Actual-Loops>
      <Plans>
        <Plan>
          <Node-Type>Hash Join</Node-Type>
          <Parent-Relationship>Outer</Parent-Relationship>
          <Parallel-Aware>false</Parallel-Aware>
          <Join-Type>Inner</Join-Type>
          <Startup-Cost>22054.94</Startup-Cost>
          <Total-Cost>174860.76</Total-Cost>
          <Plan-Rows>9651</Plan-Rows>
          <Plan-Width>8</Plan-Width>
          <Actual-Startup-Time>394.284</Actual-Startup-Time>
          <Actual-Total-Time>2190.386</Actual-Total-Time>
          <Actual-Rows>12</Actual-Rows>
          <Actual-Loops>1</Actual-Loops>
          <Hash-Cond>(authored."pubID" = publications."pubID")</Hash-Cond>
          <Plans>
            <Plan>
              <Node-Type>Seq Scan</Node-Type>
              <Parent-Relationship>Outer</Parent-Relationship>
              <Parallel-Aware>false</Parallel-Aware>
              <Relation-Name>authored</Relation-Name>
              <Alias>authored</Alias>
              <Startup-Cost>0.00</Startup-Cost>
              <Total-Cost>132665.95</Total-Cost>
              <Plan-Rows>5344895</Plan-Rows>
              <Plan-Width>8</Plan-Width>
              <Actual-Startup-Time>61.196</Actual-Startup-Time>
              <Actual-Total-Time>1151.045</Actual-Total-Time>
              <Actual-Rows>14079600</Actual-Rows>
              <Actual-Loops>1</Actual-Loops>
            </Plan>
            <Plan>
              <Node-Type>Hash</Node-Type>
              <Parent-Relationship>Inner</Parent-Relationship>
              <Parallel-Aware>false</Parallel-Aware>
              <Startup-Cost>21968.64</Startup-Cost>
              <Total-Cost>21968.64</Total-Cost>
              <Plan-Rows>6904</Plan-Rows>
              <Plan-Width>4</Plan-Width>
              <Actual-Startup-Time>0.116</Actual-Startup-Time>
              <Actual-Total-Time>0.116</Actual-Total-Time>
              <Actual-Rows>12</Actual-Rows>
              <Actual-Loops>1</Actual-Loops>
              <Hash-Buckets>8192</Hash-Buckets>
              <Original-Hash-Buckets>8192</Original-Hash-Buckets>
              <Hash-Batches>1</Hash-Batches>
              <Original-Hash-Batches>1</Original-Hash-Batches>
              <Peak-Memory-Usage>65</Peak-Memory-Usage>
              <Plans>
                <Plan>
                  <Node-Type>Bitmap Heap Scan</Node-Type>
                  <Parent-Relationship>Outer</Parent-Relationship>
                  <Parallel-Aware>false</Parallel-Aware>
                  <Relation-Name>publications</Relation-Name>
                  <Alias>publications</Alias>
                  <Startup-Cost>129.94</Startup-Cost>
                  <Total-Cost>21968.64</Total-Cost>
                  <Plan-Rows>6904</Plan-Rows>
                  <Plan-Width>4</Plan-Width>
                  <Actual-Startup-Time>0.077</Actual-Startup-Time>
                  <Actual-Total-Time>0.109</Actual-Total-Time>
                  <Actual-Rows>12</Actual-Rows>
                  <Actual-Loops>1</Actual-Loops>
                  <Recheck-Cond>(year = '1936'::text)</Recheck-Cond>
                  <Rows-Removed-by-Index-Recheck>0</Rows-Removed-by-Index-Recheck>
                  <Exact-Heap-Blocks>12</Exact-Heap-Blocks>
                  <Lossy-Heap-Blocks>0</Lossy-Heap-Blocks>
                  <Plans>
                    <Plan>
                      <Node-Type>Bitmap Index Scan</Node-Type>
                      <Parent-Relationship>Outer</Parent-Relationship>
                      <Parallel-Aware>false</Parallel-Aware>
                      <Index-Name>publications_year</Index-Name>
                      <Startup-Cost>0.00</Startup-Cost>
                      <Total-Cost>128.21</Total-Cost>
                      <Plan-Rows>6904</Plan-Rows>
                      <Plan-Width>0</Plan-Width>
                      <Actual-Startup-Time>0.071</Actual-Startup-Time>
                      <Actual-Total-Time>0.071</Actual-Total-Time>
                      <Actual-Rows>12</Actual-Rows>
                      <Actual-Loops>1</Actual-Loops>
                      <Index-Cond>(year = '1936'::text)</Index-Cond>
                    </Plan>
                  </Plans>
                </Plan>
              </Plans>
            </Plan>
          </Plans>
        </Plan>
        <Plan>
          <Node-Type>Index Scan</Node-Type>
          <Parent-Relationship>Inner</Parent-Relationship>
          <Parallel-Aware>false</Parallel-Aware>
          <Scan-Direction>Forward</Scan-Direction>
          <Index-Name>authors_pkey</Index-Name>
          <Relation-Name>authors</Relation-Name>
          <Alias>authors</Alias>
          <Startup-Cost>0.43</Startup-Cost>
          <Total-Cost>0.46</Total-Cost>
          <Plan-Rows>1</Plan-Rows>
          <Plan-Width>19</Plan-Width>
          <Actual-Startup-Time>0.005</Actual-Startup-Time>
          <Actual-Total-Time>0.006</Actual-Total-Time>
          <Actual-Rows>1</Actual-Rows>
          <Actual-Loops>12</Actual-Loops>
          <Index-Cond>("authorID" = authored."authorID")</Index-Cond>
          <Rows-Removed-by-Index-Recheck>0</Rows-Removed-by-Index-Recheck>
        </Plan>
      </Plans>
    </Plan>
    <Planning-Time>4.091</Planning-Time>
    <Triggers>
    </Triggers>
    <Execution-Time>2190.546</Execution-Time>
  </Query>
</explain>